"l_proj_short";"year_samp";"c_sp_fao";"l_sex_short";"v_fl";"v_wt"
"ASCLME-POP";2010;"SKJ";"F";51.7;2.8
"EMOTION";2010;"YFT";"";48;2.4
"EMOTION";2010;"YFT";"";48.7;2.3
"SAUMTEST";2010;"YFT";"";52;2.3
"EMOTION";2010;"SKJ";"";40.6;1.4
"EMOTION";2010;"SKJ";"";39;1.2
"EMOTION";2010;"SKJ";"";40;1.3
"EMOTION";2010;"SKJ";"";39.4;1.3
"EMOTION";2010;"SKJ";"";39;1.2
"ASCLME-POP";2010;"SKJ";"M";47.4;2.3
"ASCLME-POP";2010;"SKJ";"F";50.3;2.4
"ASCLME-POP";2010;"SKJ";"F";54;3.5
"EMOTION";2010;"YFT";"";49.5;2.5
"SAUMTEST";2010;"SKJ";"M";56.7;4
"SAUMTEST";2010;"SKJ";"M";38.4;1.1
"SAUMTEST";2010;"SKJ";"M";42.4;1.5
"SAUMTEST";2010;"SKJ";"M";38.7;1.2
"ASCLME-POP";2010;"SKJ";"M";51.2;2.8
"ASCLME-POP";2010;"SKJ";"F";52.5;3.3
"ASCLME-POP";2010;"SKJ";"M";52.4;2.9
"ASCLME-POP";2010;"SKJ";"F";54.3;3.1
"ASCLME-POP";2010;"SKJ";"F";58.9;4.1
"ASCLME-POP";2010;"SKJ";"M";54;3.4
"ASCLME-POP";2010;"SKJ";"M";57.9;4.6
"SAUMTEST";2010;"SKJ";"F";54.9;3.7
"EMOTION";2010;"YFT";"";48.7;2.4
"EMOTION";2010;"YFT";"M";50.3;2.6
"SAUMTEST";2010;"YFT";"M";50.4;2.6
"SAUMTEST";2010;"YFT";"";43.8;1.7
"SAUMTEST";2010;"YFT";"M";48.5;2.3
"EMOTION";2010;"YFT";"";49.5;2.4
"EMOTION";2011;"BET";"F";74.7;10.18
"EMOTION";2011;"BET";"F";75.5;10.1
"EMOTION";2011;"BET";"M";78.2;10.82
"EMOTION";2011;"BET";"";55.5;4.16
"EMOTION";2011;"BET";"";57.4;4
"EMOTION";2011;"BET";"M";77.8;10.83
"EMOTION";2011;"BET";"F";82.1;12.13
"EMOTION";2011;"BET";"F";95.2;20.31
"EMOTION";2011;"BET";"";62;5.88
"EMOTION";2011;"BET";"F";96.5;21.58
"EMOTION";2011;"BET";"F";99.7;23.69
"EMOTION";2011;"BET";"F";114;32.15
"EMOTION";2011;"BET";"F";102.6;24.41
"EMOTION";2011;"BET";"F";95.7;20.69
"EMOTION";2011;"BET";"F";110.9;30.74
"EMOTION";2011;"BET";"F";113.4;31.02
"EMOTION";2011;"BET";"F";96.2;21.7
"EMOTION";2011;"BET";"M";99.2;21.14
"EMOTION";2011;"BET";"M";76;10.75
"EMOTION";2011;"BET";"F";77.7;11.31
"EMOTION";2011;"BET";"M";79;12.09
"EMOTION";2011;"BET";"M";79.8;12.36
"CANAL";2013;"YFT";"F";56.1;3.4
"CANAL";2013;"YFT";"";36.2;0.9
"CANAL";2013;"BET";"";56;3.2
"CANAL";2013;"BET";"";54.9;2.8
"CANAL";2013;"YFT";"";35.8;0.7
"CANAL";2013;"YFT";"";31.9;0.5
"CANAL";2013;"YFT";"";31.9;0.4
"CANAL";2013;"YFT";"";32.7;0.5
"CANAL";2013;"YFT";"M";55.1;3.4
"CANAL";2013;"YFT";"F";56.7;3.7
"CANAL";2013;"YFT";"";56.6;3.5
"CANAL";2013;"YFT";"";57.2;3
"CANAL";2013;"YFT";"";57.7;3.3
"CANAL";2013;"YFT";"M";57.3;3.2
"CANAL";2013;"YFT";"";55;2.6
"CANAL";2013;"YFT";"";56.2;3.3
"CANAL";2013;"YFT";"";55.8;3.6
"CANAL";2013;"YFT";"";57.1;3.7
"CANAL";2013;"YFT";"";56.8;3.6
"CANAL";2013;"YFT";"F";54.3;3.1
"CANAL";2013;"YFT";"F";56.7;3.7
"CANAL";2013;"YFT";"";57.6;3.8
"CANAL";2013;"YFT";"";57.2;3.7
"CANAL";2013;"YFT";"";55.8;3.2
"CANAL";2013;"YFT";"F";53.5;3.1
"CANAL";2013;"YFT";"";57.1;3.8
"CANAL";2013;"YFT";"F";103;20.2
"CANAL";2013;"YFT";"M";95;18.2
"CANAL";2013;"YFT";"F";95.5;17.3
"CANAL";2013;"YFT";"F";100.5;19.4
"CANAL";2013;"YFT";"M";102.3;21.6
"CANAL";2013;"YFT";"F";101.2;21.9
"CANAL";2013;"YFT";"F";97.4;17.2
"CANAL";2013;"YFT";"F";99.4;18.1
"CANAL";2013;"YFT";"F";102.6;20.3
"CANAL";2013;"YFT";"M";101.3;19.4
"CANAL";2013;"YFT";"";61.2;4.6
"CANAL";2013;"YFT";"";63.9;4.8
"CANAL";2013;"YFT";"F";63.1;4.7
"CANAL";2013;"YFT";"F";62.6;4.9
"CANAL";2013;"YFT";"F";63.5;5.1
"CANAL";2013;"YFT";"F";61.3;4.8
"CANAL";2013;"YFT";"";62.7;4.8
"CANAL";2013;"YFT";"";66;5.5
"CANAL";2013;"YFT";"F";127;40.6
"CANAL";2013;"YFT";"M";120.5;38.8
"CANAL";2013;"YFT";"F";130.1;46.4
"CANAL";2013;"YFT";"M";123;39.8
"CANAL";2013;"YFT";"F";126.3;43
"CANAL";2013;"YFT";"F";128.1;40.4
"CANAL";2013;"YFT";"M";129.2;45.5
"CANAL";2013;"YFT";"F";94;16.4
"CANAL";2013;"YFT";"M";108.8;26.5
"CANAL";2013;"YFT";"F";108.5;24.4
"CANAL";2013;"YFT";"M";118.3;31.3
"CANAL";2013;"YFT";"M";103.6;22.4
"CANAL";2013;"YFT";"F";107.5;24.8
"CANAL";2013;"YFT";"F";107.4;24.7
"CANAL";2013;"YFT";"M";117;34.8
"CANAL";2013;"YFT";"M";107.9;23.3
"CANAL";2013;"YFT";"F";106.1;24.3
"Liver test";2013;"YFT";"F";77.5;9.9
"CANAL";2013;"YFT";"F";75.8;9.1
"CANAL";2013;"YFT";"M";73.7;8.4
"CANAL";2013;"YFT";"F";75;8.9
"CANAL";2013;"YFT";"M";69.9;7.9
"CANAL";2013;"YFT";"M";51.7;2.8
"CANAL";2013;"YFT";"";36.5;1
"CANAL";2013;"YFT";"";36.8;1
"CANAL";2013;"YFT";"";35.9;0.9
"CANAL";2013;"YFT";"";50.9;2.9
"CANAL";2013;"YFT";"M";112.5;30.4
"CANAL";2013;"YFT";"F";125;42
"CANAL";2013;"YFT";"M";132.4;50.1
"CANAL";2013;"YFT";"M";138.5;57.8
"CANAL";2013;"YFT";"M";152.4;77.8
"CANAL";2013;"YFT";"M";149.9;74.9
"CANAL";2013;"YFT";"M";143.7;64
"CANAL";2013;"YFT";"";50.3;2.6
"CANAL";2013;"YFT";"";47;2.1
"CANAL";2013;"YFT";"";44.6;1.9
"CANAL";2013;"YFT";"";36.8;1.2
"CANAL";2013;"YFT";"";46.9;2.2
"CANAL";2013;"YFT";"M";149;71.5
"CANAL";2013;"YFT";"F";132.9;49.6
"CANAL";2013;"YFT";"M";124;41
"CANAL";2013;"YFT";"M";157;78.2
"CANAL";2013;"YFT";"M";155.5;80.3
"CANAL";2013;"YFT";"M";142.9;62.9
"CANAL";2013;"YFT";"F";131.5;46.9
"CANAL";2013;"YFT";"M";151;71.9
"CANAL";2013;"YFT";"M";140.4;61.9
"CANAL";2013;"YFT";"M";62.4;4.7
"CANAL";2013;"YFT";"";53.3;3.3
"CANAL";2013;"YFT";"F";61.3;4.7
"CANAL";2013;"YFT";"";73.4;7.6
"CANAL";2013;"YFT";"";40.8;1.5
"CANAL";2013;"YFT";"M";60.2;4.7
"CANAL";2013;"YFT";"M";72.2;9.1
"CANAL";2013;"YFT";"";62;5.1
"CANAL";2013;"YFT";"F";122.5;36.7
"CANAL";2013;"YFT";"M";91.7;15.6
"CANAL";2013;"YFT";"M";91;15
"CANAL";2013;"YFT";"M";124.4;41.3
"CANAL";2013;"YFT";"M";116.9;35.6
"CANAL";2013;"YFT";"F";104;24.4
"CANAL";2013;"YFT";"M";123.4;37.6
"CANAL";2013;"YFT";"M";86.4;13.9
"CANAL";2013;"YFT";"M";65.9;5.8
"CANAL";2013;"YFT";"M";61.8;4.7
"CANAL";2013;"YFT";"M";66.9;5.6
"CANAL";2013;"YFT";"F";91.5;15.3
"CANAL";2013;"YFT";"F";89.7;14.5
"CANAL";2013;"YFT";"F";82.5;10.9
"CANAL";2013;"YFT";"F";78.5;9.5
"CANAL";2013;"YFT";"F";88.8;13.9
"CANAL";2013;"YFT";"M";96;17.8
"CANAL";2013;"YFT";"M";88.9;14.6
"CANAL";2013;"YFT";"M";88.9;14.3
"CANAL";2013;"YFT";"F";90;15.1
"CANAL";2013;"YFT";"F";92.8;16.1
"CANAL";2013;"YFT";"F";88.9;14.1
"CANAL";2013;"YFT";"M";89.2;13.5
"CANAL";2013;"YFT";"M";66.4;5.5
"CANAL";2013;"YFT";"F";68.5;6.1
"CANAL";2013;"YFT";"M";69.7;6.6
"CANAL";2013;"YFT";"M";54.2;3.3
"CANAL";2013;"YFT";"M";61.6;4.6
"CANAL";2013;"YFT";"M";65.9;5.6
"CANAL";2013;"YFT";"M";63.6;5
"CANAL";2013;"YFT";"F";47;2
"CANAL";2013;"YFT";"F";46;1.9
"CANAL";2013;"YFT";"M";49;2.3
"CANAL";2013;"YFT";"M";49;2.5
"CANAL";2013;"YFT";"M";45;1.9
"CANAL";2013;"YFT";"M";44;1.8
"CANAL";2013;"YFT";"";36.7;0.9
"CANAL";2013;"YFT";"";38.2;1.2
"CANAL";2013;"YFT";"M";43.8;1.6
"CANAL";2013;"YFT";"M";45.3;1.9
"CANAL";2013;"YFT";"M";140;53.1
"CANAL";2013;"YFT";"F";78.4;10
"CANAL";2013;"YFT";"F";92.6;17.5
"CANAL";2013;"YFT";"M";78.8;10.8
"CANAL";2013;"YFT";"F";83;12.1
"CANAL";2013;"YFT";"M";108.8;26.5
"CANAL";2013;"YFT";"M";91.9;16.4
"CANAL";2013;"YFT";"F";120;36.1
"CANAL";2013;"YFT";"M";101.7;22.8
"CANAL";2013;"YFT";"F";140.3;52.3
"CANAL";2013;"YFT";"M";142.5;68.4
"CANAL";2013;"YFT";"F";128.4;42.8
"CANAL";2013;"YFT";"M";69.5;7.6
"CANAL";2013;"YFT";"";49.5;2.5
"CANAL";2013;"YFT";"";47.3;2.3
"CANAL";2013;"YFT";"F";47.5;2.3
"CANAL";2013;"YFT";"";39.4;1.4
"CANAL";2013;"YFT";"F";49.6;2.6
"CANAL";2013;"YFT";"F";53.7;3.1
"CANAL";2013;"YFT";"M";71.9;7.4
"CANAL";2013;"YFT";"F";74.2;8.4
"CANAL";2013;"YFT";"F";88.4;13.2
"CANAL";2013;"SKJ";"F";65.6;6.4
"CANAL";2013;"SKJ";"M";52.9;3.3
"CANAL";2013;"SKJ";"M";58.1;5.1
"CANAL";2013;"SKJ";"M";54.1;3.7
"CANAL";2013;"SKJ";"M";54.6;3.7
"CANAL";2013;"SKJ";"M";55.9;4
"CANAL";2013;"SKJ";"F";56;4
"CANAL";2013;"SKJ";"M";56.5;4.5
"CANAL";2013;"SKJ";"F";57;4.2
"CANAL";2013;"SKJ";"M";55.4;4.6
"CANAL";2013;"SKJ";"M";57.9;4.4
"CANAL";2013;"SKJ";"M";56.6;4.2
"CANAL";2013;"SKJ";"F";59.1;4.9
"CANAL";2013;"SKJ";"M";52;3.4
"CANAL";2013;"SKJ";"F";53.4;3.6
"CANAL";2013;"FRI";"F";44.4;1.3
"CANAL";2013;"FRI";"F";39.3;1
"CANAL";2013;"FRI";"F";41.2;1.2
"CANAL";2013;"FRI";"M";40;1
"CANAL";2013;"BET";"M";115.6;35.5
"CANAL";2013;"BET";"F";116.6;35.14
"CANAL";2013;"BET";"F";115.5;34.19
"CANAL";2013;"BET";"M";129.2;49.65
"CANAL";2013;"BET";"F";128.8;50.08
"CANAL";2013;"BET";"M";136.5;57.1
"CANAL";2013;"BET";"F";121.4;38.26
"CANAL";2013;"BET";"M";134;55.27
"CANAL";2013;"BET";"M";131.1;52.48
"CANAL";2013;"BET";"M";136.3;54.5
"CANAL";2013;"BET";"M";146.4;69.98
"CANAL";2013;"BET";"M";138.5;54.43
"CANAL";2013;"BET";"F";134.2;52.91
"CANAL";2013;"BET";"M";128.6;48.93
"CANAL";2013;"YFT";"M";102.8;22.8
"CANAL";2013;"YFT";"";61;3.46
"CANAL";2013;"YFT";"";53.1;2.94
"CANAL";2013;"YFT";"";53.6;3.04
"CANAL";2013;"YFT";"";54.2;3.07
"CANAL";2013;"YFT";"";54.6;3.21
"CANAL";2013;"YFT";"";54.8;3.5
"CANAL";2013;"YFT";"";40.5;1.4
"CANAL";2013;"YFT";"";45;2
"CANAL";2013;"YFT";"";53.2;3.3
"CANAL";2013;"YFT";"";53.6;3.3
"CANAL";2013;"YFT";"";41.6;1.6
"CANAL";2013;"YFT";"M";130;50
"CANAL";2013;"YFT";"M";146.5;66.2
"CANAL";2013;"YFT";"M";147.4;66.8
"CANAL";2013;"YFT";"M";133;47.7
"CANAL";2013;"YFT";"F";142.8;40
"CANAL";2013;"YFT";"M";137.5;57.1
"CANAL";2013;"YFT";"F";148.2;58.9
"CANAL";2013;"YFT";"M";142.1;64.2
"CANAL";2013;"YFT";"M";128.2;44.9
"CANAL";2013;"YFT";"M";142;63.8
"CANAL";2013;"YFT";"F";146.3;61.6
"CANAL";2013;"YFT";"F";56.5;3.5
"CANAL";2013;"YFT";"";58.3;3.3
"CANAL";2013;"YFT";"";39.2;1
"CANAL";2013;"YFT";"";41.2;1
"CANAL";2013;"YFT";"";34;0.6
"CANAL";2013;"YFT";"";36.3;0.9
"CANAL";2013;"YFT";"";36.7;0.9
"CANAL";2013;"YFT";"";35.2;0.8
"CANAL";2013;"YFT";"";36.2;0.8
"CANAL";2013;"YFT";"";31;0.4
"CANAL";2013;"YFT";"";34.3;0.8
"CANAL";2013;"YFT";"";33.5;0.7
"CANAL";2013;"YFT";"";35.5;0.9
"CANAL";2013;"YFT";"";36;0.9
"CANAL";2013;"YFT";"M";56;3.3
"CANAL";2013;"YFT";"";39.2;1
"CANAL";2013;"YFT";"";31.3;0.6
"CANAL";2013;"YFT";"";29;0.5
"CANAL";2013;"YFT";"";55.4;3.5
"CANAL";2013;"YFT";"F";54.7;3.5
"CANAL";2013;"YFT";"";56;3.8
"CANAL";2013;"YFT";"";54.2;3.3
"CANAL";2013;"YFT";"";58.2;4
"CANAL";2013;"YFT";"";57;3.6
"CANAL";2013;"YFT";"M";56.3;3.7
"CANAL";2013;"YFT";"M";58.3;4.2
"CANAL";2013;"YFT";"";59.5;4.1
"CANAL";2013;"YFT";"M";57.4;3.6
"CANAL";2013;"YFT";"";54.6;3.2
"CANAL";2013;"YFT";"";50.6;2.4
"CANAL";2013;"SKJ";"F";42.5;1.6
"CANAL";2013;"SKJ";"F";44.5;1.9
"CANAL";2013;"SKJ";"F";72.3;8.1
"CANAL";2013;"SKJ";"M";51;2.7
"CANAL";2013;"SKJ";"F";51.6;3.2
"CANAL";2013;"SKJ";"M";41.2;1.4
"CANAL";2013;"SKJ";"M";52.5;3.2
"CANAL";2013;"SKJ";"F";43.3;1.8
"CANAL";2013;"SKJ";"M";71.6;8.5
"CANAL";2013;"SKJ";"F";49.8;2.6
"CANAL";2013;"SKJ";"F";50.3;3
"CANAL";2013;"SKJ";"M";54.6;3.6
"CANAL";2013;"SKJ";"F";48.4;2.6
"CANAL";2013;"SKJ";"M";65.5;7.6
"CANAL";2013;"SKJ";"F";50.3;2.8
"CANAL";2013;"SKJ";"M";58.2;4.4
"CANAL";2013;"SKJ";"M";59.7;5
"CANAL";2013;"SKJ";"M";58.9;5
"CANAL";2013;"SKJ";"M";51.3;2.9
"CANAL";2013;"SKJ";"M";70.1;8.1
"CANAL";2013;"SKJ";"F";55;3.7
"CANAL";2013;"SKJ";"M";70;8
"CANAL";2013;"SKJ";"M";64.1;6
"CANAL";2013;"SKJ";"M";62.5;6.1
"CANAL";2013;"SKJ";"M";61;4.8
"CANAL";2013;"SKJ";"M";55.2;4.6
"CANAL";2013;"SKJ";"F";48.7;2.4
"CANAL";2013;"SKJ";"F";43;2
"CANAL";2013;"SKJ";"M";47.8;2.3
"CANAL";2013;"SKJ";"F";44;1.8
"CANAL";2013;"SKJ";"M";42;1.6
"CANAL";2013;"SKJ";"M";41;1.4
"CANAL";2013;"SKJ";"F";40.4;1.3
"CANAL";2013;"SKJ";"F";44.7;1.8
"CANAL";2013;"SKJ";"M";51.6;3
"CANAL";2013;"SKJ";"M";45;1.9
"CANAL";2013;"SKJ";"M";48.3;2.6
"CANAL";2013;"SKJ";"M";50.4;2.9
"CANAL";2013;"SKJ";"M";50.5;2.9
"CANAL";2013;"SKJ";"F";43.7;1.8
"CANAL";2013;"SKJ";"M";54;3.4
"CANAL";2013;"SKJ";"M";45.8;1.8
"CANAL";2013;"SKJ";"M";53.1;3.4
"CANAL";2013;"SKJ";"M";52.4;2.8
"CANAL";2013;"SKJ";"F";47.6;2.3
"CANAL";2013;"SKJ";"F";45.6;2
"CANAL";2013;"SKJ";"M";46.7;2.2
"CANAL";2013;"SKJ";"M";54.8;3.9
"CANAL";2013;"SKJ";"F";60.5;4.9
"CANAL";2013;"SKJ";"M";57.6;4.4
"CANAL";2013;"SKJ";"M";52.6;3.6
"CANAL";2013;"SKJ";"M";62.9;5.6
"CANAL";2013;"SKJ";"M";65.2;6
"CANAL";2013;"SKJ";"";38.8;1.2
"CANAL";2013;"SKJ";"F";42.6;1.7
"CANAL";2013;"SKJ";"M";44.9;1.9
"CANAL";2013;"SKJ";"F";48.6;2.5
"CANAL";2013;"SKJ";"M";46.4;2.1
"CANAL";2013;"SKJ";"M";46.3;2.7
"CANAL";2013;"SKJ";"F";53.4;3.8
"CANAL";2013;"SKJ";"M";60;5.6
"CANAL";2013;"SKJ";"F";64.5;7
"CANAL";2013;"SKJ";"M";68.5;7.9
"CANAL";2013;"YFT";"F";97.8;20.7
"CANAL";2013;"YFT";"M";108.8;26.7
"CANAL";2013;"YFT";"M";95.5;18.4
"CANAL";2013;"YFT";"F";88;13
"CANAL";2013;"YFT";"M";99.6;19.8
"CANAL";2013;"YFT";"F";92.8;16.2
"CANAL";2013;"YFT";"M";101;19.8
"CANAL";2013;"YFT";"F";115;29.8
"CANAL";2013;"YFT";"M";123.1;40.2
"CANAL";2013;"YFT";"M";124.1;40.7
"CANAL";2013;"YFT";"F";97.4;20.2
"CANAL";2013;"YFT";"M";90.7;16.1
"CANAL";2013;"YFT";"F";109.5;26.5
"CANAL";2013;"BET";"";50.2;2.5
"CANAL";2013;"BET";"";57;4.13
"CANAL";2013;"BET";"";45.9;2.9
"CANAL";2013;"BET";"";51.4;2.92
"CANAL";2013;"BET";"";47.1;2.28
"CANAL";2013;"BET";"M";166.5;108.7
"CANAL";2013;"BET";"";56;4.3
"CANAL";2013;"BET";"";49.4;2.8
"CANAL";2013;"BET";"";56.5;4.2
"CANAL";2013;"BET";"";56.5;4.2
"CANAL";2013;"BET";"";47.3;2.4
"CANAL";2013;"BET";"";45.5;1.8
"CANAL";2013;"BET";"";44.1;1.9
"CANAL";2013;"BET";"";46;2.1
"CANAL";2013;"BET";"";52.5;3.4
"CANAL";2013;"BET";"";55.3;4.8
"CANAL";2013;"BET";"";52.1;3.6
"CANAL";2013;"BET";"";54.6;4
"CANAL";2013;"BET";"";43.3;1.8
"CANAL";2013;"BET";"";49.1;2.6
"CANAL";2013;"BET";"";59.9;4.7
"CANAL";2013;"BET";"F";124.8;50.4
"CANAL";2013;"BET";"F";137.5;61.4
"CANAL";2013;"BET";"M";129;51.8
"CANAL";2013;"BET";"F";127.5;54
"CANAL";2013;"BET";"F";134.4;59.8
"CANAL";2013;"BET";"M";110.6;37.6
"CANAL";2013;"BET";"M";109;36.1
"CANAL";2013;"BET";"M";133.3;53.8
"CANAL";2013;"BET";"M";134.4;59.2
"CANAL";2013;"BET";"M";114.1;36.1
"CANAL";2013;"BET";"M";107.2;31.5
"CANAL";2013;"BET";"F";123.8;47.2
"CANAL";2013;"BET";"M";113.4;36.3
"CANAL";2013;"BET";"M";109.8;33.3
"CANAL";2013;"BET";"";47.1;2.6
"CANAL";2013;"BET";"";36.2;0.9
"CANAL";2013;"BET";"";36.8;1
"CANAL";2013;"BET";"";56.4;3.9
"CANAL";2013;"BET";"";36.8;1
"CANAL";2013;"BET";"";55.2;3.7
"CANAL";2013;"BET";"";57.2;4
"CANAL";2013;"BET";"";55;3.5
"CANAL";2013;"BET";"F";54.9;3.7
"CANAL";2013;"BET";"F";63.1;6
"CANAL";2013;"BET";"";55.3;3.4
"CANAL";2013;"BET";"";55.9;3.7
"CANAL";2013;"BET";"";57.6;4.3
"CANAL";2013;"BET";"";55.9;3.9
"CANAL";2013;"BET";"";54.8;3.5
"CANAL";2013;"BET";"";56.5;4
"CANAL";2013;"BET";"";54.4;3.7
"CANAL";2013;"BET";"";52.4;3
"CANAL";2013;"BET";"";56;4
"CANAL";2013;"BET";"M";142.6;69.2
"CANAL";2013;"BET";"M";140.3;74
"CANAL";2013;"BET";"F";148.2;82.1
"CANAL";2013;"BET";"M";139.2;70.4
"CANAL";2013;"BET";"M";135.2;56.5
"CANAL";2013;"BET";"M";146.8;76.1
"CANAL";2013;"BET";"M";137;70.6
"CANAL";2013;"BET";"F";126;51.1
"CANAL";2013;"BET";"";35.7;0.7
"CANAL";2013;"BET";"";31.8;0.6
"CANAL";2013;"BET";"";55.2;3.8
"CANAL";2013;"BET";"";55.2;3.9
"CANAL";2013;"BET";"";54.4;3.7
"CANAL";2013;"BET";"";55.5;3.9
"CANAL";2013;"BET";"M";52.3;3.2
"CANAL";2013;"BET";"F";55.4;3.6
"CANAL";2013;"BET";"F";56.2;3.7
"CANAL";2013;"BET";"M";56.8;4.2
"CANAL";2013;"BET";"F";57.6;4
"CANAL";2013;"BET";"";54.1;3.5
"CANAL";2013;"BET";"M";63.4;5.9
"CANAL";2013;"BET";"";64.5;6.6
"CANAL";2013;"BET";"F";71.1;7.9
"CANAL";2013;"BET";"";64.7;6.2
"CANAL";2013;"BET";"F";69.9;7.9
"CANAL";2013;"BET";"M";67.2;7.3
"CANAL";2013;"BET";"M";91.3;16.6
"CANAL";2013;"BET";"F";79;12.2
"CANAL";2013;"BET";"M";84.2;13.4
"CANAL";2013;"BET";"M";82.5;12.6
"CANAL";2013;"BET";"F";87.6;15.2
"CANAL";2013;"BET";"F";84.6;13.7
"CANAL";2013;"BET";"M";82;12
"CANAL";2013;"BET";"M";89.8;16.7
"CANAL";2013;"BET";"F";82.9;13.3
"CANAL";2013;"BET";"M";86.2;14.3
"CANAL";2013;"BET";"M";86.4;13.6
"CANAL";2013;"BET";"F";85.5;14.3
"CANAL";2013;"BET";"M";86.4;16
"CANAL";2013;"BET";"M";86.3;15.1
"CANAL";2013;"BET";"M";89.2;16.6
"Liver test";2013;"BET";"F";56;3.9
"CANAL";2013;"BET";"F";101.5;25.3
"CANAL";2013;"BET";"F";121.6;42.9
"CANAL";2013;"BET";"F";85.9;15.2
"CANAL";2013;"BET";"M";84.4;14.8
"CANAL";2013;"BET";"";40.6;1.5
"CANAL";2013;"BET";"";55.9;4.2
"CANAL";2013;"BET";"";60.8;5.1
"CANAL";2013;"BET";"";61.2;5.5
"CANAL";2013;"BET";"F";64.6;6.3
"CANAL";2013;"BET";"";43.1;1.8
"CANAL";2013;"BET";"";42;1.6
"CANAL";2013;"BET";"";42.3;1.6
"CANAL";2013;"BET";"F";79.3;11.7
"CANAL";2013;"BET";"F";86.5;22.6
"CANAL";2013;"BET";"F";90;18.6
"CANAL";2013;"BET";"";41.9;1.7
"CANAL";2013;"BET";"";40.9;1.6
"CANAL";2013;"BET";"";44.3;1.9
"CANAL";2013;"BET";"";40.1;1.4
"CANAL";2013;"BET";"";38;1.3
"CANAL";2013;"BET";"M";142.4;65.2
"CANAL";2013;"BET";"M";148.5;82.1
"CANAL";2013;"BET";"M";152.4;78.9
"CANAL";2013;"BET";"F";136.5;54.1
"CANAL";2013;"BET";"F";160;96.4
"CANAL";2013;"BET";"F";151.1;78.2
"CANAL";2013;"BET";"M";155.4;82.3
"CANAL";2013;"BET";"M";136;57.2
"CANAL";2013;"BET";"";45.8;2.1
"CANAL";2013;"BET";"F";69.9;7.8
"CANAL";2013;"BET";"";45.9;2.1
"CANAL";2013;"BET";"F";61.1;5.8
"CANAL";2013;"BET";"";43;1.7
"CANAL";2013;"BET";"F";62.9;5.7
"CANAL";2013;"BET";"";46;2.2
"CANAL";2013;"BET";"";46.2;2.4
"CANAL";2013;"BET";"";70;8.2
"CANAL";2013;"BET";"M";79;10.6
"CANAL";2013;"BET";"M";59.1;4.6
"CANAL";2013;"BET";"M";57.4;4.2
"CANAL";2013;"BET";"M";63.8;6.3
"CANAL";2013;"BET";"M";58.6;4.5
"CANAL";2013;"BET";"M";62.9;5.7
"CANAL";2013;"BET";"F";49.8;3
"CANAL";2013;"BET";"";49.6;2.8
"CANAL";2013;"BET";"";44;1.8
"CANAL";2013;"BET";"";48.1;2.3
"CANAL";2013;"BET";"";46.9;2.6
"CANAL";2013;"BET";"";44;1.8
"CANAL";2013;"BET";"";46.4;1.9
"CANAL";2013;"BET";"";43.9;1.8
"CANAL";2013;"BET";"";44.5;2
"CANAL";2013;"BET";"";40;1.3
"CANAL";2013;"BET";"M";49.6;2.7
"CANAL";2013;"BET";"M";42.9;1.7
"CANAL";2013;"BET";"M";42.4;1.5
"CANAL";2013;"BET";"M";48.2;2.3
"CANAL";2013;"BET";"M";47.3;2.2
"CANAL";2013;"BET";"F";76.4;11.6
"CANAL";2013;"BET";"M";123.3;43.3
"CANAL";2013;"BET";"F";123;43.3
"CANAL";2013;"BET";"M";126.7;49.4
"CANAL";2013;"BET";"F";121.8;42.7
"CANAL";2013;"BET";"F";130;52.5
"CANAL";2013;"BET";"F";133;60.8
"CANAL";2013;"BET";"F";50.2;5.1
"CANAL";2013;"BET";"F";58.3;4.7
"CANAL";2013;"BET";"";47.3;2.4
"CANAL";2013;"BET";"";48;1.2
"CANAL";2013;"BET";"";48.2;2.5
"CANAL";2013;"BET";"";62;5.3
"CANAL";2013;"BET";"";47.7;2.5
"CANAL";2013;"BET";"";56.8;4.5
"CANAL";2013;"BET";"M";72.3;8.5
"CANAL";2013;"BET";"M";71.4;8.3
"CANAL";2013;"BET";"F";71.8;8.3
"CANAL";2013;"BET";"";49.4;2.9
"CANAL";2013;"BET";"";60.6;5.4
"CANAL";2013;"BET";"";65.2;6.8
"CANAL";2013;"BET";"M";75.4;12.2
"CANAL";2013;"BET";"M";77.7;12
"CANAL";2013;"BET";"F";78.4;12.2
"CANAL";2013;"BET";"M";80.3;12.4
"CANAL";2013;"BET";"F";85.1;15.1
"CANAL";2013;"BET";"M";89.4;17.2
"CANAL";2013;"BET";"F";97.4;23.9
"Liver test";2013;"BET";"M";94;19.5
"Liver test";2013;"BET";"M";92;17.7
"CANAL";2013;"SKJ";"F";47.7;2.23
"CANAL";2013;"SKJ";"F";51.4;3.1
"CANAL";2013;"SKJ";"F";53.8;3.26
"CANAL";2013;"SKJ";"F";50;2.57
"CANAL";2013;"SKJ";"F";49.2;2.39
"CANAL";2013;"SKJ";"M";55.8;4.5
"CANAL";2013;"SKJ";"F";42.8;1.7
"CANAL";2013;"SKJ";"M";60.9;5.5
"CANAL";2013;"SKJ";"F";61.2;5.1
"CANAL";2013;"SKJ";"M";48.8;2.3
"CANAL";2013;"SKJ";"M";61.7;5.7
"CANAL";2013;"SKJ";"F";46.5;2.1
"CANAL";2013;"SKJ";"M";44.3;1.8
"CANAL";2013;"SKJ";"F";42.1;1.6
"CANAL";2013;"SKJ";"M";47.9;2.3
"CANAL";2013;"SKJ";"F";45.7;1.8
"CANAL";2013;"SKJ";"M";57.6;4.2
"CANAL";2013;"SKJ";"M";47;2.1
"CANAL";2013;"SKJ";"M";48.3;2.1
"CANAL";2013;"SKJ";"F";54.3;3.3
"CANAL";2013;"SKJ";"F";49.4;2.5
"CANAL";2013;"SKJ";"F";49.2;2.4
"CANAL";2013;"SKJ";"M";48.8;2.4
"CANAL";2013;"SKJ";"M";49.9;2.5
"CANAL";2013;"SKJ";"M";48.2;2.2
"CANAL";2013;"SKJ";"F";47.1;1.9
"CANAL";2013;"SKJ";"M";47.4;1.8
"CANAL";2013;"SKJ";"M";46.5;1.6
"CANAL";2013;"SKJ";"F";48.1;1.8
"CANAL";2013;"SKJ";"";33.2;0.6
"CANAL";2013;"SKJ";"F";40;1.2
"CANAL";2013;"SKJ";"F";38.4;1.1
"CANAL";2013;"SKJ";"";39.4;1.2
"CANAL";2013;"SKJ";"";36.3;0.7
"CANAL";2013;"SKJ";"F";40.1;1.2
"CANAL";2013;"SKJ";"";37;0.8
"CANAL";2013;"SKJ";"M";50.9;2.4
"CANAL";2013;"SKJ";"";34;0.7
"CANAL";2013;"SKJ";"";34.3;0.7
"CANAL";2013;"SKJ";"M";48.4;2.3
"CANAL";2013;"SKJ";"F";51.3;2.6
"CANAL";2013;"SKJ";"";35.2;0.8
"CANAL";2013;"SKJ";"";33.7;0.7
"CANAL";2013;"SKJ";"";34.3;0.7
"CANAL";2013;"SKJ";"M";50.5;2.4
"CANAL";2013;"SKJ";"M";48.2;1.9
"CANAL";2013;"SKJ";"M";52.2;2.8
"CANAL";2013;"SKJ";"";36.2;0.9
"CANAL";2013;"SKJ";"M";45.5;1.7
"CANAL";2013;"SKJ";"M";48.3;2
"CANAL";2013;"SKJ";"M";48.4;2.3
"CANAL";2013;"SKJ";"F";48.2;2
"CANAL";2013;"SKJ";"F";47.8;2.1
"CANAL";2013;"SKJ";"F";63.7;5.4
"CANAL";2013;"SKJ";"F";49;2.3
"CANAL";2013;"SKJ";"F";70.9;8.1
"CANAL";2013;"SKJ";"F";46.6;2.1
"CANAL";2013;"SKJ";"F";50.5;2.5
"CANAL";2013;"SKJ";"M";46.5;2
"CANAL";2013;"SKJ";"M";46.1;2.1
"CANAL";2013;"SKJ";"F";48.3;2.2
"CANAL";2013;"SKJ";"M";53.2;3.1
"CANAL";2013;"SKJ";"M";51.9;3.2
"CANAL";2013;"SKJ";"F";67.7;6.9
"CANAL";2013;"SKJ";"M";62.2;5.5
"CANAL";2013;"SKJ";"F";48.7;2.5
"CANAL";2013;"SKJ";"F";51.8;2.6
"CANAL";2013;"SKJ";"F";48.2;2.2
"CANAL";2013;"SKJ";"F";47.3;2.1
"CANAL";2013;"SKJ";"M";49.9;2.4
"CANAL";2013;"SKJ";"F";45.9;2
"CANAL";2013;"SKJ";"M";63.9;6.4
"CANAL";2013;"SKJ";"F";56.6;4.2
"CANAL";2013;"SKJ";"M";62.8;5.5
"CANAL";2013;"SKJ";"F";62.4;6
"CANAL";2013;"SKJ";"F";61.9;5.4
"CANAL";2013;"SKJ";"M";60.9;5.4
"CANAL";2013;"SKJ";"F";60.6;5.2
"CANAL";2013;"SKJ";"";40.1;1.2
"CANAL";2013;"SKJ";"";38.8;1.1
"CANAL";2013;"SKJ";"";38.1;1
"CANAL";2013;"SKJ";"M";42.2;1.6
"CANAL";2013;"SKJ";"F";39.1;1.2
"Liver test";2013;"SKJ";"M";66.4;7.2
"CANAL";2013;"SKJ";"F";54.3;3.9
"CANAL";2013;"SKJ";"F";53.9;3.6
"CANAL";2013;"SKJ";"F";43;1.6
"CANAL";2013;"SKJ";"F";57;4
"CANAL";2013;"SKJ";"F";62.6;5.6
"CANAL";2013;"SKJ";"F";55.4;3.6
"CANAL";2013;"SKJ";"";39.1;1.2
"CANAL";2013;"SKJ";"F";60.6;5.5
"CANAL";2013;"SKJ";"M";60.5;5.1
"CANAL";2013;"SKJ";"M";66.1;7.4
"CANAL";2013;"SKJ";"M";62.8;6.4
"CANAL";2013;"SKJ";"F";47;2.3
"CANAL";2013;"SKJ";"F";42.3;1.7
"CANAL";2013;"SKJ";"M";48;2.3
"CANAL";2013;"SKJ";"M";43.4;1.8
"CANAL";2013;"SKJ";"M";49.3;2.4
"IOT_quality";2014;"SKJ";"";49.3;2.5
"IOT_quality";2014;"SKJ";"";49;2.2
"IOT_quality";2014;"SKJ";"";46.2;2.3
"IOT_quality";2014;"SKJ";"";52.4;3
"IOT_quality";2014;"SKJ";"";54.4;3.3
"IOT_quality";2014;"SKJ";"";54.2;3.5
"IOT_quality";2014;"SKJ";"";49.5;2.4
"IOT_quality";2014;"SKJ";"";51.2;2.7
"IOT_quality";2014;"SKJ";"";50.8;2.5
"CANAL";2014;"BET";"M";81;12.1
"CANAL";2014;"BET";"F";98.4;21.7
"CANAL";2014;"BET";"M";90.7;18
"CANAL";2014;"BET";"F";113.8;26.3
"IOT_quality";2014;"SKJ";"";52.3;3
"IOT_quality";2014;"SKJ";"";52.8;3.1
"IOT_quality";2014;"SKJ";"";52.5;3
"CANAL";2014;"ALB";"F";94.1;20.9
"CANAL";2014;"YFT";"F";56.5;3.8
"CANAL";2014;"YFT";"M";49.4;2.6
"CANAL";2014;"YFT";"";39.9;1.3
"CANAL";2014;"YFT";"";33.3;0.7
"CANAL";2014;"YFT";"";31.8;0.6
"CANAL";2014;"YFT";"";30;0.6
"CANAL";2014;"YFT";"M";92.4;16.4
"CANAL";2014;"YFT";"M";80.9;10.4
"CANAL";2014;"YFT";"F";96.7;20
"CANAL";2014;"YFT";"M";94.4;18
"CANAL";2014;"YFT";"F";72.6;7.8
"CANAL";2014;"YFT";"M";52.2;2.9
"CANAL";2014;"YFT";"M";51.3;2.6
"CANAL";2014;"YFT";"M";48.4;2.1
"CANAL";2014;"YFT";"M";45.9;1.8
"CANAL";2014;"YFT";"F";131.4;46.1
"CANAL";2014;"YFT";"F";135.8;44.6
"CANAL";2014;"SKJ";"";35.5;0.9
"CANAL";2014;"SKJ";"M";42.7;1.7
"CANAL";2014;"SKJ";"M";43.9;1.8
"IOT_quality";2014;"SKJ";"F";47.1;2.2
"IOT_quality";2014;"SKJ";"F";48.3;2.5
"IOT_quality";2014;"SKJ";"M";51.3;2.7
"IOT_quality";2014;"SKJ";"M";60.4;5.4
"IOT_quality";2014;"SKJ";"M";58.4;4.6
"IOT_quality";2014;"SKJ";"F";45.4;1.8
"IOT_quality";2014;"SKJ";"F";48.9;2.1
"IOT_quality";2014;"SKJ";"M";52.7;3
"IOT_quality";2014;"SKJ";"F";58.5;4.7
"CANAL";2014;"YFT";"F";138;48.3
"CANAL";2014;"SKJ";"F";45.3;1.7
"CANAL";2014;"SKJ";"M";46;1.7
"CANAL";2014;"SKJ";"F";45.7;1.8
"CANAL";2014;"SKJ";"M";52;3.2
"CANAL";2014;"SKJ";"F";62;6.2
"CANAL";2014;"SKJ";"M";63.8;6
"CANAL";2014;"SKJ";"";30;0.5
"CANAL";2014;"SKJ";"";31.2;0.6
"CANAL";2014;"SKJ";"F";31.5;0.6
"CANAL";2014;"SKJ";"";31;0.5
"CANAL";2014;"SKJ";"";31.3;0.6
"CANAL";2014;"SKJ";"";34.7;0.8
"CANAL";2014;"BET";"M";111.1;31.7
"CANAL";2014;"BET";"F";113.2;32
"CANAL";2014;"BET";"M";115.4;31.5
"CANAL";2014;"BET";"M";115;35.5
"CANAL";2014;"BET";"F";116.9;36.3
"CANAL";2014;"BET";"F";125.5;44.3
"CANAL";2014;"BET";"M";124.3;43.3
"CANAL";2014;"BET";"M";123.6;46.4
"CANAL";2014;"BET";"F";152.5;72
"CANAL";2014;"BET";"F";124;42.3
"CANAL";2014;"BET";"";29.5;0.5
"CANAL";2014;"BET";"";36.1;1.1
"CANAL";2014;"BET";"";36.1;1.1
"CANAL";2014;"BET";"";51.5;3.1
"CANAL";2014;"BET";"M";54;3.7
"CANAL";2014;"BET";"M";86.3;14.5
"CANAL";2014;"BET";"F";90.1;17
